model,approach,setting,project,k_label,k,f1_macro,accuracy,f1_bug,f1_feature,f1_question,precision_bug,recall_bug,precision_feature,recall_feature,precision_question,recall_question,invalid_rate,source
Qwen-14B,ragtag,agnostic,ansible_ansible,k9,9.0,0.6708,0.7167,0.8348,0.8067,0.371,0.7385,0.96,0.6957,0.96,0.9583,0.23,0.0267,derived_from_predictions
Qwen-14B,ragtag,agnostic,bitcoin_bitcoin,k6,6.0,0.6719,0.6767,0.6842,0.8626,0.469,0.6094,0.78,0.8198,0.91,0.7556,0.34,0.0533,derived_from_predictions
Qwen-14B,ragtag,agnostic,dart-lang_sdk,k9,9.0,0.8268,0.8233,0.812,0.8663,0.8023,0.709,0.95,0.931,0.81,0.9221,0.71,0.0067,derived_from_predictions
Qwen-14B,ragtag,agnostic,dotnet_roslyn,k6,6.0,0.6269,0.6467,0.651,0.798,0.4317,0.5355,0.83,0.7864,0.81,0.7692,0.3,0.01,derived_from_predictions
Qwen-14B,ragtag,agnostic,facebook_react,k6,6.0,0.798,0.8,0.8066,0.8634,0.7241,0.6853,0.98,0.9518,0.79,0.8514,0.63,0.0,derived_from_predictions
Qwen-14B,ragtag,agnostic,flutter_flutter,k3,3.0,0.7454,0.7567,0.7404,0.8558,0.64,0.6444,0.87,0.8,0.92,0.96,0.48,0.0,derived_from_predictions
Qwen-14B,ragtag,agnostic,kubernetes_kubernetes,k3,3.0,0.8263,0.8267,0.7748,0.9366,0.7674,0.7049,0.86,0.9143,0.96,0.9167,0.66,0.0033,derived_from_predictions
Qwen-14B,ragtag,agnostic,microsoft_TypeScript,k9,9.0,0.6064,0.62,0.6486,0.7539,0.4167,0.5283,0.84,0.7912,0.72,0.6818,0.3,0.02,derived_from_predictions
Qwen-14B,ragtag,agnostic,microsoft_vscode,k9,9.0,0.6465,0.64,0.655,0.7464,0.5379,0.5814,0.75,0.7156,0.78,0.8667,0.39,0.0567,derived_from_predictions
Qwen-14B,ragtag,agnostic,opencv_opencv,k9,9.0,0.6922,0.6767,0.681,0.8187,0.5769,0.5985,0.79,0.8495,0.79,0.8036,0.45,0.0633,derived_from_predictions
Qwen-14B,ragtag,agnostic,tensorflow_tensorflow,k3,3.0,0.7693,0.7733,0.8133,0.8023,0.6923,0.695,0.98,0.9221,0.71,0.7683,0.63,0.0,derived_from_predictions
Qwen-14B,ragtag,project_specific,ansible_ansible,k9,9.0,0.675,0.72,0.817,0.824,0.384,0.7111,0.96,0.7218,0.96,0.96,0.24,0.0233,eval_csv
Qwen-14B,ragtag,project_specific,bitcoin_bitcoin,k9,9.0,0.6991,0.7,0.6996,0.891,0.5067,0.6341,0.78,0.8468,0.94,0.76,0.38,0.0533,eval_csv
Qwen-14B,ragtag,project_specific,dart-lang_sdk,k9,9.0,0.8408,0.8367,0.8155,0.8889,0.8182,0.7143,0.95,0.9438,0.84,0.9474,0.72,0.0067,eval_csv
Qwen-14B,ragtag,project_specific,dotnet_roslyn,k6,6.0,0.6241,0.6467,0.6589,0.796,0.4173,0.538,0.85,0.7921,0.8,0.7436,0.29,0.0067,eval_csv
Qwen-14B,ragtag,project_specific,facebook_react,k9,9.0,0.7973,0.8,0.8033,0.871,0.7176,0.6806,0.98,0.9419,0.81,0.8714,0.61,0.0,eval_csv
Qwen-14B,ragtag,project_specific,flutter_flutter,k3,3.0,0.7389,0.75,0.7382,0.8426,0.6358,0.6466,0.86,0.7845,0.91,0.9412,0.48,0.0,eval_csv
Qwen-14B,ragtag,project_specific,kubernetes_kubernetes,k3,3.0,0.8333,0.8333,0.7818,0.9366,0.7816,0.7167,0.86,0.9143,0.96,0.9189,0.68,0.0033,eval_csv
Qwen-14B,ragtag,project_specific,microsoft_TypeScript,k9,9.0,0.6089,0.6233,0.6537,0.7565,0.4167,0.535,0.84,0.7849,0.73,0.6818,0.3,0.02,eval_csv
Qwen-14B,ragtag,project_specific,microsoft_vscode,k9,9.0,0.6584,0.65,0.6638,0.7536,0.5578,0.5891,0.76,0.729,0.78,0.8723,0.41,0.0567,eval_csv
Qwen-14B,ragtag,project_specific,opencv_opencv,k9,9.0,0.6947,0.6767,0.6753,0.8229,0.586,0.5954,0.78,0.8587,0.79,0.807,0.46,0.0667,eval_csv
Qwen-14B,ragtag,project_specific,tensorflow_tensorflow,k3,3.0,0.7728,0.7767,0.8167,0.8023,0.6995,0.7,0.98,0.9221,0.71,0.7711,0.64,0.0,eval_csv
Qwen-32B,ragtag,agnostic,ansible_ansible,k9,9.0,0.7269,0.7433,0.8598,0.8136,0.5072,0.807,0.92,0.7059,0.96,0.9211,0.35,0.04,derived_from_predictions
Qwen-32B,ragtag,agnostic,bitcoin_bitcoin,k9,9.0,0.7298,0.7167,0.7157,0.8654,0.6082,0.7019,0.73,0.8333,0.9,0.7324,0.52,0.0567,derived_from_predictions
Qwen-32B,ragtag,agnostic,dart-lang_sdk,k9,9.0,0.8568,0.8533,0.843,0.8796,0.8478,0.7642,0.94,0.9231,0.84,0.9286,0.78,0.0067,derived_from_predictions
Qwen-32B,ragtag,agnostic,dotnet_roslyn,k3,3.0,0.6709,0.6867,0.6855,0.8137,0.5135,0.5743,0.85,0.7981,0.83,0.7917,0.38,0.0,derived_from_predictions
Qwen-32B,ragtag,agnostic,facebook_react,k9,9.0,0.8289,0.83,0.8362,0.877,0.7735,0.7348,0.97,0.9425,0.82,0.8642,0.7,0.0,derived_from_predictions
Qwen-32B,ragtag,agnostic,flutter_flutter,k3,3.0,0.805,0.8067,0.7807,0.8768,0.7574,0.6953,0.89,0.8641,0.89,0.9275,0.64,0.0,derived_from_predictions
Qwen-32B,ragtag,agnostic,kubernetes_kubernetes,k3,3.0,0.8401,0.8367,0.7847,0.9268,0.8087,0.7523,0.82,0.9048,0.95,0.8916,0.74,0.01,derived_from_predictions
Qwen-32B,ragtag,agnostic,microsoft_TypeScript,k3,3.0,0.6558,0.6733,0.6989,0.7579,0.5106,0.5562,0.94,0.8,0.72,0.878,0.36,0.0,derived_from_predictions
Qwen-32B,ragtag,agnostic,microsoft_vscode,k9,9.0,0.7353,0.7167,0.7109,0.7961,0.6988,0.6757,0.75,0.7736,0.82,0.8788,0.58,0.0567,derived_from_predictions
Qwen-32B,ragtag,agnostic,opencv_opencv,k9,9.0,0.7617,0.74,0.7442,0.8469,0.6941,0.6957,0.8,0.8646,0.83,0.8429,0.59,0.0633,derived_from_predictions
Qwen-32B,ragtag,agnostic,tensorflow_tensorflow,k3,3.0,0.812,0.8133,0.8421,0.8161,0.7778,0.75,0.96,0.9595,0.71,0.7857,0.77,0.0,derived_from_predictions
Qwen-32B,ragtag,project_specific,ansible_ansible,k9,9.0,0.7173,0.74,0.8282,0.8496,0.4741,0.7402,0.94,0.7619,0.96,0.9143,0.32,0.04,eval_csv
Qwen-32B,ragtag,project_specific,bitcoin_bitcoin,k6,6.0,0.7303,0.72,0.7122,0.8679,0.6108,0.6952,0.73,0.8214,0.92,0.7612,0.51,0.0533,eval_csv
Qwen-32B,ragtag,project_specific,dart-lang_sdk,k9,9.0,0.8603,0.8567,0.8468,0.8783,0.8556,0.7705,0.94,0.9326,0.83,0.9195,0.8,0.0067,eval_csv
Qwen-32B,ragtag,project_specific,dotnet_roslyn,k6,6.0,0.6708,0.68,0.6803,0.796,0.5359,0.5764,0.83,0.7921,0.8,0.7736,0.41,0.0067,eval_csv
Qwen-32B,ragtag,project_specific,facebook_react,k3,3.0,0.8222,0.8233,0.8205,0.8889,0.7571,0.7164,0.96,0.9438,0.84,0.8701,0.67,0.0,eval_csv
Qwen-32B,ragtag,project_specific,flutter_flutter,k3,3.0,0.8044,0.8067,0.7788,0.8708,0.7636,0.6984,0.88,0.8349,0.91,0.9692,0.63,0.0,eval_csv
Qwen-32B,ragtag,project_specific,kubernetes_kubernetes,k3,3.0,0.8454,0.8433,0.7943,0.9268,0.8152,0.7615,0.83,0.9048,0.95,0.8929,0.75,0.0067,eval_csv
Qwen-32B,ragtag,project_specific,microsoft_TypeScript,k6,6.0,0.6591,0.6667,0.6746,0.7668,0.5359,0.5592,0.85,0.7957,0.74,0.7736,0.41,0.0067,eval_csv
Qwen-32B,ragtag,project_specific,microsoft_vscode,k9,9.0,0.7436,0.7233,0.715,0.7864,0.7294,0.6916,0.74,0.7642,0.81,0.8857,0.62,0.0567,eval_csv
Qwen-32B,ragtag,project_specific,opencv_opencv,k9,9.0,0.764,0.74,0.7358,0.8469,0.7093,0.6964,0.78,0.8646,0.83,0.8472,0.61,0.0667,eval_csv
Qwen-32B,ragtag,project_specific,tensorflow_tensorflow,k3,3.0,0.812,0.8133,0.8421,0.8161,0.7778,0.75,0.96,0.9595,0.71,0.7857,0.77,0.0,eval_csv
Qwen-3B,ragtag,agnostic,ansible_ansible,k3,3.0,0.6871,0.71,0.7928,0.7797,0.4889,0.7213,0.88,0.6765,0.92,0.9429,0.33,0.0233,derived_from_predictions
Qwen-3B,ragtag,agnostic,bitcoin_bitcoin,k3,3.0,0.671,0.6867,0.6949,0.8614,0.4568,0.6029,0.82,0.8529,0.87,0.5968,0.37,0.0,derived_from_predictions
Qwen-3B,ragtag,agnostic,dart-lang_sdk,k9,9.0,0.7875,0.7867,0.7863,0.8351,0.7412,0.6866,0.92,0.8617,0.81,0.9,0.63,0.0067,derived_from_predictions
Qwen-3B,ragtag,agnostic,dotnet_roslyn,k3,3.0,0.604,0.62,0.6367,0.7677,0.4076,0.5379,0.78,0.7755,0.76,0.5614,0.32,0.0,derived_from_predictions
Qwen-3B,ragtag,agnostic,facebook_react,k9,9.0,0.75,0.76,0.784,0.829,0.6369,0.6533,0.98,0.8602,0.8,0.8772,0.5,0.0,derived_from_predictions
Qwen-3B,ragtag,agnostic,flutter_flutter,k6,6.0,0.691,0.6667,0.6436,0.8381,0.5912,0.6373,0.65,0.8,0.88,0.7966,0.47,0.0967,derived_from_predictions
Qwen-3B,ragtag,agnostic,kubernetes_kubernetes,k3,3.0,0.8266,0.8267,0.7739,0.8995,0.8063,0.7778,0.77,0.8624,0.94,0.8462,0.77,0.0033,derived_from_predictions
Qwen-3B,ragtag,agnostic,microsoft_TypeScript,k1,1.0,0.6008,0.6033,0.6578,0.6919,0.4526,0.592,0.74,0.7529,0.64,0.4778,0.43,0.0,derived_from_predictions
Qwen-3B,ragtag,agnostic,microsoft_vscode,k1,1.0,0.6606,0.6633,0.6468,0.756,0.5789,0.6436,0.65,0.7248,0.79,0.6111,0.55,0.0,derived_from_predictions
Qwen-3B,ragtag,agnostic,opencv_opencv,k1,1.0,0.6901,0.6933,0.6335,0.8095,0.6272,0.5785,0.7,0.7727,0.85,0.7681,0.53,0.0,derived_from_predictions
Qwen-3B,ragtag,agnostic,tensorflow_tensorflow,k3,3.0,0.7265,0.7333,0.7854,0.7727,0.6215,0.6599,0.97,0.8947,0.68,0.7143,0.55,0.0,derived_from_predictions
Qwen-3B,ragtag,project_specific,ansible_ansible,k3,3.0,0.6717,0.7033,0.786,0.7897,0.4394,0.6977,0.9,0.6917,0.92,0.9062,0.29,0.02,eval_csv
Qwen-3B,ragtag,project_specific,bitcoin_bitcoin,k3,3.0,0.6747,0.69,0.684,0.8738,0.4663,0.6031,0.79,0.8491,0.9,0.6032,0.38,0.0,eval_csv
Qwen-3B,ragtag,project_specific,dart-lang_sdk,k9,9.0,0.7998,0.8,0.8069,0.8426,0.75,0.7068,0.94,0.8557,0.83,0.9265,0.63,0.0067,eval_csv
Qwen-3B,ragtag,project_specific,dotnet_roslyn,k3,3.0,0.5988,0.6133,0.6276,0.7562,0.4125,0.5396,0.75,0.7525,0.76,0.55,0.33,0.0,eval_csv
Qwen-3B,ragtag,project_specific,facebook_react,k6,6.0,0.7452,0.7533,0.7935,0.7914,0.6506,0.6667,0.98,0.8506,0.74,0.8182,0.54,0.0,eval_csv
Qwen-3B,ragtag,project_specific,flutter_flutter,k6,6.0,0.701,0.6767,0.6341,0.8585,0.6104,0.619,0.65,0.8125,0.91,0.8704,0.47,0.0967,eval_csv
Qwen-3B,ragtag,project_specific,kubernetes_kubernetes,k3,3.0,0.8334,0.8333,0.7778,0.9038,0.8187,0.7857,0.77,0.8704,0.94,0.8495,0.79,0.0033,eval_csv
Qwen-3B,ragtag,project_specific,microsoft_TypeScript,k1,1.0,0.6116,0.6133,0.6697,0.6989,0.4663,0.6116,0.74,0.7558,0.65,0.4839,0.45,0.0,eval_csv
Qwen-3B,ragtag,project_specific,microsoft_vscode,k1,1.0,0.677,0.68,0.6634,0.7751,0.5926,0.6569,0.67,0.7431,0.81,0.6292,0.56,0.0,eval_csv
Qwen-3B,ragtag,project_specific,opencv_opencv,k1,1.0,0.6836,0.6867,0.621,0.8134,0.6163,0.5714,0.68,0.7798,0.85,0.7361,0.53,0.0,eval_csv
Qwen-3B,ragtag,project_specific,tensorflow_tensorflow,k3,3.0,0.7231,0.73,0.7823,0.7657,0.6215,0.6554,0.97,0.8933,0.67,0.7143,0.55,0.0,eval_csv
Qwen-7B,ragtag,agnostic,ansible_ansible,k3,3.0,0.6831,0.71,0.8075,0.7381,0.5037,0.7611,0.86,0.6118,0.93,0.9714,0.34,0.0,derived_from_predictions
Qwen-7B,ragtag,agnostic,bitcoin_bitcoin,k3,3.0,0.7127,0.73,0.7342,0.875,0.529,0.635,0.87,0.8426,0.91,0.7455,0.41,0.0,derived_from_predictions
Qwen-7B,ragtag,agnostic,dart-lang_sdk,k3,3.0,0.8052,0.8067,0.8052,0.8384,0.7719,0.7099,0.93,0.8469,0.83,0.9296,0.66,0.0,derived_from_predictions
Qwen-7B,ragtag,agnostic,dotnet_roslyn,k6,6.0,0.6342,0.6567,0.6559,0.8152,0.4317,0.551,0.81,0.7748,0.86,0.7692,0.3,0.01,derived_from_predictions
Qwen-7B,ragtag,agnostic,facebook_react,k9,9.0,0.78,0.7867,0.8033,0.8454,0.6914,0.6806,0.98,0.8723,0.82,0.9032,0.56,0.0,derived_from_predictions
Qwen-7B,ragtag,agnostic,flutter_flutter,k6,6.0,0.7285,0.7033,0.6832,0.8532,0.649,0.6765,0.69,0.7881,0.93,0.9608,0.49,0.0967,derived_from_predictions
Qwen-7B,ragtag,agnostic,kubernetes_kubernetes,k6,6.0,0.8056,0.79,0.7847,0.9091,0.7229,0.7523,0.82,0.8716,0.95,0.9091,0.6,0.0533,derived_from_predictions
Qwen-7B,ragtag,agnostic,microsoft_TypeScript,k6,6.0,0.6041,0.6333,0.6926,0.7255,0.3942,0.5669,0.89,0.7115,0.74,0.7297,0.27,0.0067,derived_from_predictions
Qwen-7B,ragtag,agnostic,microsoft_vscode,k6,6.0,0.6278,0.63,0.6463,0.7407,0.4965,0.5736,0.74,0.6897,0.8,0.8537,0.35,0.0467,derived_from_predictions
Qwen-7B,ragtag,agnostic,opencv_opencv,k6,6.0,0.702,0.69,0.6667,0.8169,0.6225,0.6134,0.73,0.7699,0.87,0.9216,0.47,0.0567,derived_from_predictions
Qwen-7B,ragtag,agnostic,tensorflow_tensorflow,k3,3.0,0.7738,0.7767,0.8333,0.7841,0.7041,0.7422,0.95,0.9079,0.69,0.7188,0.69,0.0,derived_from_predictions
Qwen-7B,ragtag,project_specific,ansible_ansible,k3,3.0,0.6916,0.7233,0.8198,0.7623,0.4925,0.7459,0.91,0.6458,0.93,0.9706,0.33,0.0,eval_csv
Qwen-7B,ragtag,project_specific,bitcoin_bitcoin,k9,9.0,0.7332,0.7267,0.7393,0.8692,0.5912,0.7027,0.78,0.8158,0.93,0.7966,0.47,0.0533,eval_csv
Qwen-7B,ragtag,project_specific,dart-lang_sdk,k9,9.0,0.8023,0.8033,0.8214,0.8309,0.7545,0.7419,0.92,0.8037,0.86,0.9403,0.63,0.0067,eval_csv
Qwen-7B,ragtag,project_specific,dotnet_roslyn,k9,9.0,0.6252,0.6433,0.6364,0.8057,0.4336,0.5423,0.77,0.7658,0.85,0.7209,0.31,0.0133,eval_csv
Qwen-7B,ragtag,project_specific,facebook_react,k9,9.0,0.7883,0.7933,0.8033,0.8542,0.7073,0.6806,0.98,0.8913,0.82,0.9062,0.58,0.0,eval_csv
Qwen-7B,ragtag,project_specific,flutter_flutter,k6,6.0,0.7553,0.7267,0.6995,0.8826,0.6839,0.6893,0.71,0.8319,0.94,0.9636,0.53,0.0967,eval_csv
Qwen-7B,ragtag,project_specific,kubernetes_kubernetes,k6,6.0,0.8171,0.8,0.7923,0.9179,0.7412,0.7664,0.82,0.8879,0.95,0.9,0.63,0.0533,eval_csv
Qwen-7B,ragtag,project_specific,microsoft_TypeScript,k9,9.0,0.6032,0.62,0.6482,0.75,0.4113,0.5359,0.82,0.75,0.75,0.7073,0.29,0.02,eval_csv
Qwen-7B,ragtag,project_specific,microsoft_vscode,k3,3.0,0.635,0.66,0.6693,0.783,0.4526,0.5563,0.84,0.7411,0.83,0.8378,0.31,0.0,eval_csv
Qwen-7B,ragtag,project_specific,opencv_opencv,k3,3.0,0.694,0.7033,0.6917,0.8058,0.5844,0.5929,0.83,0.783,0.83,0.8333,0.45,0.0,eval_csv
Qwen-7B,ragtag,project_specific,tensorflow_tensorflow,k3,3.0,0.7701,0.7733,0.8333,0.7797,0.6974,0.7422,0.95,0.8961,0.69,0.7158,0.68,0.0,eval_csv
Qwen-14B,ragtag_debias,project_specific,ansible_ansible,k9,9.0,0.6946,0.7367,0.8609,0.8136,0.4094,0.7615,0.99,0.7059,0.96,0.963,0.26,0.0233,eval_csv
Qwen-14B,ragtag_debias,project_specific,bitcoin_bitcoin,k9,9.0,0.731,0.73,0.7177,0.8598,0.6154,0.6881,0.75,0.807,0.92,0.7536,0.52,0.0267,eval_csv
Qwen-14B,ragtag_debias,project_specific,dart-lang_sdk,k9,9.0,0.8493,0.8467,0.8297,0.8783,0.8398,0.7364,0.95,0.9326,0.83,0.9383,0.76,0.0033,eval_csv
Qwen-14B,ragtag_debias,project_specific,dotnet_roslyn,k9,9.0,0.6683,0.6767,0.6778,0.798,0.529,0.5827,0.81,0.7864,0.81,0.7455,0.41,0.01,eval_csv
Qwen-14B,ragtag_debias,project_specific,facebook_react,k9,9.0,0.808,0.81,0.8133,0.871,0.7399,0.695,0.98,0.9419,0.81,0.8767,0.64,0.0,eval_csv
Qwen-14B,ragtag_debias,project_specific,flutter_flutter,k6,6.0,0.7701,0.76,0.7207,0.8762,0.7134,0.6557,0.8,0.8364,0.92,0.9825,0.56,0.0367,eval_csv
Qwen-14B,ragtag_debias,project_specific,kubernetes_kubernetes,k9,9.0,0.8585,0.8367,0.8458,0.9453,0.7845,0.8416,0.85,0.9406,0.95,0.8765,0.71,0.0567,eval_csv
Qwen-14B,ragtag_debias,project_specific,microsoft_TypeScript,k9,9.0,0.6434,0.65,0.6694,0.7732,0.4875,0.5704,0.81,0.7979,0.75,0.65,0.39,0.0133,eval_csv
Qwen-14B,ragtag_debias,project_specific,microsoft_vscode,k9,9.0,0.7004,0.6867,0.6762,0.7583,0.6667,0.6455,0.71,0.7207,0.8,0.8462,0.55,0.0467,eval_csv
Qwen-14B,ragtag_debias,project_specific,opencv_opencv,k9,9.0,0.7087,0.6933,0.6727,0.84,0.6135,0.6167,0.74,0.84,0.84,0.7937,0.5,0.0567,eval_csv
Qwen-14B,ragtag_debias,project_specific,tensorflow_tensorflow,k6,6.0,0.7734,0.7667,0.8018,0.7931,0.7254,0.7165,0.91,0.9324,0.69,0.7527,0.7,0.02,eval_csv
Qwen-32B,ragtag_debias,project_specific,ansible_ansible,k9,9.0,0.7345,0.7567,0.8739,0.8261,0.5036,0.7951,0.97,0.7308,0.95,0.8974,0.35,0.03,eval_csv
Qwen-32B,ragtag_debias,project_specific,bitcoin_bitcoin,k9,9.0,0.7737,0.7667,0.7565,0.8804,0.6842,0.7849,0.73,0.844,0.92,0.7222,0.65,0.0267,eval_csv
Qwen-32B,ragtag_debias,project_specific,dart-lang_sdk,k6,6.0,0.8708,0.87,0.8571,0.8842,0.871,0.7742,0.96,0.9333,0.84,0.9419,0.81,0.0,eval_csv
Qwen-32B,ragtag_debias,project_specific,dotnet_roslyn,k6,6.0,0.6771,0.6867,0.6857,0.8,0.5455,0.5793,0.84,0.8,0.8,0.7778,0.42,0.0033,eval_csv
Qwen-32B,ragtag_debias,project_specific,facebook_react,k3,3.0,0.8213,0.8233,0.8235,0.8889,0.7514,0.7101,0.98,0.9438,0.84,0.8904,0.65,0.0,eval_csv
Qwen-32B,ragtag_debias,project_specific,flutter_flutter,k6,6.0,0.7934,0.78,0.7418,0.8738,0.7647,0.6991,0.79,0.8491,0.9,0.9286,0.65,0.0367,eval_csv
Qwen-32B,ragtag_debias,project_specific,kubernetes_kubernetes,k9,9.0,0.8804,0.8567,0.87,0.9495,0.8216,0.87,0.87,0.9592,0.94,0.8941,0.76,0.0567,eval_csv
Qwen-32B,ragtag_debias,project_specific,microsoft_TypeScript,k9,9.0,0.6756,0.6767,0.6867,0.7653,0.5749,0.6015,0.8,0.7812,0.75,0.7164,0.48,0.0133,eval_csv
Qwen-32B,ragtag_debias,project_specific,microsoft_vscode,k9,9.0,0.7549,0.7367,0.71,0.7751,0.7797,0.71,0.71,0.7431,0.81,0.8961,0.69,0.0467,eval_csv
Qwen-32B,ragtag_debias,project_specific,opencv_opencv,k9,9.0,0.7812,0.76,0.7549,0.8485,0.7403,0.7404,0.77,0.8571,0.84,0.8272,0.67,0.0567,eval_csv
Qwen-32B,ragtag_debias,project_specific,tensorflow_tensorflow,k6,6.0,0.7981,0.79,0.8182,0.8161,0.76,0.75,0.9,0.9595,0.71,0.76,0.76,0.02,eval_csv
Qwen-3B,ragtag_debias,project_specific,ansible_ansible,k1,1.0,0.7065,0.7267,0.7895,0.8125,0.5175,0.7031,0.9,0.7339,0.91,0.8605,0.37,0.0167,eval_csv
Qwen-3B,ragtag_debias,project_specific,bitcoin_bitcoin,k6,6.0,0.7091,0.7033,0.6243,0.867,0.6359,0.7397,0.54,0.8544,0.88,0.5897,0.69,0.0233,eval_csv
Qwen-3B,ragtag_debias,project_specific,dart-lang_sdk,k9,9.0,0.7776,0.7767,0.7538,0.8317,0.7475,0.7576,0.75,0.8235,0.84,0.7551,0.74,0.0033,eval_csv
Qwen-3B,ragtag_debias,project_specific,dotnet_roslyn,k3,3.0,0.6236,0.6233,0.5871,0.7538,0.53,0.5842,0.59,0.7576,0.75,0.53,0.53,0.0,eval_csv
Qwen-3B,ragtag_debias,project_specific,facebook_react,k6,6.0,0.7569,0.7633,0.8033,0.7892,0.6784,0.6806,0.98,0.8588,0.73,0.8169,0.58,0.0,eval_csv
Qwen-3B,ragtag_debias,project_specific,flutter_flutter,k9,9.0,0.7153,0.6933,0.6347,0.8165,0.6947,0.791,0.53,0.7542,0.89,0.7333,0.66,0.0833,eval_csv
Qwen-3B,ragtag_debias,project_specific,kubernetes_kubernetes,k6,6.0,0.8467,0.8333,0.8,0.9223,0.8177,0.9,0.72,0.8962,0.95,0.8058,0.83,0.0367,eval_csv
Qwen-3B,ragtag_debias,project_specific,microsoft_TypeScript,k1,1.0,0.6128,0.6133,0.6697,0.6995,0.4694,0.6116,0.74,0.7711,0.64,0.4792,0.46,0.0,eval_csv
Qwen-3B,ragtag_debias,project_specific,microsoft_vscode,k9,9.0,0.6391,0.6333,0.535,0.7583,0.6239,0.7368,0.42,0.7207,0.8,0.5763,0.68,0.0467,eval_csv
Qwen-3B,ragtag_debias,project_specific,opencv_opencv,k6,6.0,0.7336,0.7333,0.6467,0.8317,0.7225,0.806,0.54,0.8235,0.84,0.6457,0.82,0.0133,eval_csv
Qwen-3B,ragtag_debias,project_specific,tensorflow_tensorflow,k6,6.0,0.7482,0.7433,0.8108,0.75,0.6837,0.7377,0.9,0.8684,0.66,0.6979,0.67,0.02,eval_csv
Qwen-7B,ragtag_debias,project_specific,ansible_ansible,k9,9.0,0.7153,0.74,0.8235,0.7899,0.5324,0.7521,0.91,0.6812,0.94,0.9487,0.37,0.0067,eval_csv
Qwen-7B,ragtag_debias,project_specific,bitcoin_bitcoin,k9,9.0,0.7507,0.7467,0.7474,0.8455,0.6593,0.7889,0.71,0.775,0.93,0.7317,0.6,0.0267,eval_csv
Qwen-7B,ragtag_debias,project_specific,dart-lang_sdk,k3,3.0,0.8153,0.8167,0.8139,0.8485,0.7836,0.7176,0.94,0.8571,0.84,0.9437,0.67,0.0,eval_csv
Qwen-7B,ragtag_debias,project_specific,dotnet_roslyn,k6,6.0,0.6605,0.6767,0.6805,0.8077,0.4933,0.5816,0.82,0.7778,0.84,0.74,0.37,0.0033,eval_csv
Qwen-7B,ragtag_debias,project_specific,facebook_react,k9,9.0,0.7885,0.7933,0.8066,0.8482,0.7108,0.6853,0.98,0.8901,0.81,0.8939,0.59,0.0,eval_csv
Qwen-7B,ragtag_debias,project_specific,flutter_flutter,k6,6.0,0.7738,0.7667,0.7512,0.8704,0.7,0.708,0.8,0.8103,0.94,0.9333,0.56,0.0367,eval_csv
Qwen-7B,ragtag_debias,project_specific,kubernetes_kubernetes,k6,6.0,0.8378,0.8233,0.8077,0.9261,0.7797,0.7778,0.84,0.9126,0.94,0.8961,0.69,0.04,eval_csv
Qwen-7B,ragtag_debias,project_specific,microsoft_TypeScript,k6,6.0,0.6123,0.6333,0.6721,0.7343,0.4306,0.5646,0.83,0.7103,0.76,0.7045,0.31,0.0067,eval_csv
Qwen-7B,ragtag_debias,project_specific,microsoft_vscode,k9,9.0,0.6609,0.6533,0.6445,0.7523,0.586,0.6126,0.68,0.6949,0.82,0.807,0.46,0.0467,eval_csv
Qwen-7B,ragtag_debias,project_specific,opencv_opencv,k6,6.0,0.7159,0.7167,0.6906,0.8269,0.6303,0.626,0.77,0.7963,0.86,0.8,0.52,0.0133,eval_csv
Qwen-7B,ragtag_debias,project_specific,tensorflow_tensorflow,k6,6.0,0.7698,0.7633,0.8111,0.7709,0.7273,0.7521,0.88,0.8734,0.69,0.7347,0.72,0.02,eval_csv
Qwen-14B,ft,agnostic,ansible_ansible,finetune_fixed,,0.7852,0.8,0.861,0.8571,0.6375,0.7805,0.96,0.7949,0.93,0.85,0.51,0.0,derived_from_predictions
Qwen-14B,ft,agnostic,bitcoin_bitcoin,finetune_fixed,,0.671,0.6667,0.6082,0.7869,0.6179,0.7324,0.52,0.8675,0.72,0.5205,0.76,0.0,derived_from_predictions
Qwen-14B,ft,agnostic,dart-lang_sdk,finetune_fixed,,0.8346,0.8333,0.8156,0.8696,0.8186,0.9241,0.73,0.9524,0.8,0.708,0.97,0.0,derived_from_predictions
Qwen-14B,ft,agnostic,dotnet_roslyn,finetune_fixed,,0.6914,0.7,0.5844,0.7789,0.7109,0.8333,0.45,0.8222,0.74,0.5833,0.91,0.0,derived_from_predictions
Qwen-14B,ft,agnostic,facebook_react,finetune_fixed,,0.7909,0.7933,0.898,0.7125,0.7623,0.9167,0.88,0.95,0.57,0.6458,0.93,0.0,derived_from_predictions
Qwen-14B,ft,agnostic,flutter_flutter,finetune_fixed,,0.6362,0.6467,0.5091,0.7059,0.6935,0.6462,0.42,0.7586,0.66,0.5811,0.86,0.0,derived_from_predictions
Qwen-14B,ft,agnostic,kubernetes_kubernetes,finetune_fixed,,0.8107,0.81,0.77,0.9082,0.7539,0.7257,0.82,0.9271,0.89,0.7912,0.72,0.0,derived_from_predictions
Qwen-14B,ft,agnostic,microsoft_TypeScript,finetune_fixed,,0.5959,0.5967,0.6476,0.5733,0.5667,0.6182,0.68,0.86,0.43,0.4857,0.68,0.0,derived_from_predictions
Qwen-14B,ft,agnostic,microsoft_vscode,finetune_fixed,,0.6734,0.6733,0.6091,0.7739,0.6373,0.6186,0.6,0.7778,0.77,0.625,0.65,0.0,derived_from_predictions
Qwen-14B,ft,agnostic,opencv_opencv,finetune_fixed,,0.6225,0.6233,0.5956,0.7526,0.5193,0.536,0.67,0.7766,0.73,0.5802,0.47,0.0,derived_from_predictions
Qwen-14B,ft,agnostic,tensorflow_tensorflow,finetune_fixed,,0.6907,0.69,0.7668,0.6309,0.6745,0.7957,0.74,0.9592,0.47,0.5548,0.86,0.01,derived_from_predictions
Qwen-14B,ft,project_specific,ansible_ansible,finetune_fixed,,0.7683,0.77,0.8276,0.7826,0.6947,0.8155,0.84,0.757,0.81,0.7333,0.66,0.0,eval_csv
Qwen-14B,ft,project_specific,bitcoin_bitcoin,finetune_fixed,,0.5962,0.59,0.6432,0.6776,0.4679,0.6465,0.64,0.747,0.62,0.4322,0.51,0.0,eval_csv
Qwen-14B,ft,project_specific,dart-lang_sdk,finetune_fixed,,0.7228,0.7233,0.6927,0.7565,0.7193,0.7848,0.62,0.7849,0.73,0.6406,0.82,0.0,eval_csv
Qwen-14B,ft,project_specific,dotnet_roslyn,finetune_fixed,,0.5244,0.5267,0.6022,0.4575,0.5134,0.6512,0.56,0.6604,0.35,0.4161,0.67,0.0,eval_csv
Qwen-14B,ft,project_specific,facebook_react,finetune_fixed,,0.7179,0.72,0.7854,0.6957,0.6727,0.7227,0.86,0.918,0.56,0.6167,0.74,0.0,eval_csv
Qwen-14B,ft,project_specific,flutter_flutter,finetune_fixed,,0.6914,0.69,0.7222,0.7374,0.6146,0.6724,0.78,0.8354,0.66,0.6,0.63,0.0,eval_csv
Qwen-14B,ft,project_specific,kubernetes_kubernetes,finetune_fixed,,0.7268,0.73,0.6637,0.9109,0.6057,0.6016,0.74,0.902,0.92,0.7067,0.53,0.0,eval_csv
Qwen-14B,ft,project_specific,microsoft_TypeScript,finetune_fixed,,0.4339,0.4433,0.6294,0.239,0.4333,0.6392,0.62,0.322,0.19,0.3714,0.52,0.0133,eval_csv
Qwen-14B,ft,project_specific,microsoft_vscode,finetune_fixed,,0.557,0.5633,0.6133,0.6598,0.3978,0.552,0.69,0.6809,0.64,0.4444,0.36,0.0,eval_csv
Qwen-14B,ft,project_specific,opencv_opencv,finetune_fixed,,0.5185,0.5167,0.6044,0.5419,0.4091,0.544,0.68,0.7636,0.42,0.375,0.45,0.0,eval_csv
Qwen-14B,ft,project_specific,tensorflow_tensorflow,finetune_fixed,,0.7455,0.75,0.8304,0.7089,0.6972,0.75,0.93,0.9655,0.56,0.6441,0.76,0.0,eval_csv
Qwen-32B,ft,agnostic,ansible_ansible,finetune_fixed,,0.6566,0.7133,0.8376,0.7801,0.352,0.7313,0.98,0.6667,0.94,0.88,0.22,0.0,derived_from_predictions
Qwen-32B,ft,agnostic,bitcoin_bitcoin,finetune_fixed,,0.6981,0.7067,0.7059,0.8054,0.5829,0.6923,0.72,0.7355,0.89,0.68,0.51,0.0,derived_from_predictions
Qwen-32B,ft,agnostic,dart-lang_sdk,finetune_fixed,,0.8764,0.8767,0.88,0.8796,0.8696,0.88,0.88,0.819,0.95,0.9524,0.8,0.0,derived_from_predictions
Qwen-32B,ft,agnostic,dotnet_roslyn,finetune_fixed,,0.6482,0.6667,0.6545,0.766,0.5241,0.6,0.72,0.6667,0.9,0.8444,0.38,0.0,derived_from_predictions
Qwen-32B,ft,agnostic,facebook_react,finetune_fixed,,0.892,0.8933,0.9474,0.8731,0.8557,0.9083,0.99,0.8866,0.86,0.883,0.83,0.0,derived_from_predictions
Qwen-32B,ft,agnostic,flutter_flutter,finetune_fixed,,0.7468,0.7567,0.7847,0.7932,0.6623,0.7523,0.82,0.6861,0.94,0.9444,0.51,0.0,derived_from_predictions
Qwen-32B,ft,agnostic,kubernetes_kubernetes,finetune_fixed,,0.8108,0.82,0.8083,0.9406,0.6835,0.6929,0.97,0.9314,0.95,0.931,0.54,0.0,derived_from_predictions
Qwen-32B,ft,agnostic,microsoft_TypeScript,finetune_fixed,,0.6455,0.6633,0.725,0.6981,0.5135,0.6214,0.87,0.6607,0.74,0.7917,0.38,0.0,derived_from_predictions
Qwen-32B,ft,agnostic,microsoft_vscode,finetune_fixed,,0.7006,0.7133,0.7168,0.7928,0.5921,0.6429,0.81,0.7213,0.88,0.8654,0.45,0.0,derived_from_predictions
Qwen-32B,ft,agnostic,opencv_opencv,finetune_fixed,,0.6842,0.7,0.6911,0.8309,0.5306,0.5822,0.85,0.8037,0.86,0.8298,0.39,0.0,derived_from_predictions
Qwen-32B,ft,agnostic,tensorflow_tensorflow,finetune_fixed,,0.7983,0.7967,0.835,0.8156,0.7442,0.8113,0.86,0.9241,0.73,0.6957,0.8,0.0,derived_from_predictions
Qwen-32B,ft,project_specific,ansible_ansible,finetune_fixed,,0.8188,0.8233,0.9109,0.817,0.7284,0.902,0.92,0.7111,0.96,0.9516,0.59,0.0033,eval_csv
Qwen-32B,ft,project_specific,bitcoin_bitcoin,finetune_fixed,,0.699,0.7033,0.6633,0.8263,0.6073,0.6771,0.65,0.7788,0.88,0.6374,0.58,0.0,eval_csv
Qwen-32B,ft,project_specific,dart-lang_sdk,finetune_fixed,,0.8767,0.8767,0.8571,0.91,0.8629,0.8447,0.87,0.91,0.91,0.8763,0.85,0.0,eval_csv
Qwen-32B,ft,project_specific,dotnet_roslyn,finetune_fixed,,0.6275,0.6367,0.5132,0.7374,0.632,0.75,0.39,0.7449,0.73,0.5267,0.79,0.0,eval_csv
Qwen-32B,ft,project_specific,facebook_react,finetune_fixed,,0.7875,0.7867,0.8037,0.8352,0.7236,0.7395,0.88,0.9268,0.76,0.7273,0.72,0.0,eval_csv
Qwen-32B,ft,project_specific,flutter_flutter,finetune_fixed,,0.7586,0.7633,0.7009,0.8597,0.7152,0.6579,0.75,0.7851,0.95,0.9077,0.59,0.0,eval_csv
Qwen-32B,ft,project_specific,kubernetes_kubernetes,finetune_fixed,,0.662,0.6767,0.5028,0.8017,0.6816,0.5696,0.45,0.6831,0.97,0.7722,0.61,0.0,eval_csv
Qwen-32B,ft,project_specific,microsoft_TypeScript,finetune_fixed,,0.6037,0.6067,0.5,0.7292,0.582,0.6406,0.41,0.7609,0.7,0.4931,0.71,0.0,eval_csv
Qwen-32B,ft,project_specific,microsoft_vscode,finetune_fixed,,0.5859,0.6133,0.6167,0.758,0.383,0.5286,0.74,0.6975,0.83,0.6585,0.27,0.0,eval_csv
Qwen-32B,ft,project_specific,opencv_opencv,finetune_fixed,,0.6313,0.6367,0.5189,0.7155,0.6593,0.5647,0.48,0.6288,0.83,0.7317,0.6,0.0033,eval_csv
Qwen-32B,ft,project_specific,tensorflow_tensorflow,finetune_fixed,,0.7923,0.7967,0.8858,0.7789,0.712,0.8151,0.97,0.8222,0.74,0.7473,0.68,0.0,eval_csv
Qwen-3B,ft,agnostic,ansible_ansible,finetune_fixed,,0.6243,0.6867,0.7237,0.8727,0.2764,0.5924,0.93,0.8,0.96,0.7391,0.17,0.0,derived_from_predictions
Qwen-3B,ft,agnostic,bitcoin_bitcoin,finetune_fixed,,0.6512,0.6633,0.7059,0.7692,0.4785,0.5806,0.9,0.8537,0.7,0.619,0.39,0.0,derived_from_predictions
Qwen-3B,ft,agnostic,dart-lang_sdk,finetune_fixed,,0.7399,0.74,0.7393,0.7262,0.7543,0.6051,0.95,0.8971,0.61,0.88,0.66,0.0,derived_from_predictions
Qwen-3B,ft,agnostic,dotnet_roslyn,finetune_fixed,,0.5607,0.5867,0.6503,0.6936,0.3382,0.5,0.93,0.8219,0.6,0.6389,0.23,0.0167,derived_from_predictions
Qwen-3B,ft,agnostic,facebook_react,finetune_fixed,,0.7344,0.74,0.7778,0.7356,0.6897,0.6447,0.98,0.8649,0.64,0.8108,0.6,0.0,derived_from_predictions
Qwen-3B,ft,agnostic,flutter_flutter,finetune_fixed,,0.668,0.6767,0.7194,0.7692,0.5153,0.5948,0.91,0.8537,0.7,0.6667,0.42,0.0067,derived_from_predictions
Qwen-3B,ft,agnostic,kubernetes_kubernetes,finetune_fixed,,0.719,0.7167,0.6923,0.8343,0.6303,0.5625,0.9,0.9733,0.73,0.8,0.52,0.0,derived_from_predictions
Qwen-3B,ft,agnostic,microsoft_TypeScript,finetune_fixed,,0.4964,0.5367,0.6242,0.5621,0.303,0.4579,0.98,0.8113,0.43,0.625,0.2,0.0033,derived_from_predictions
Qwen-3B,ft,agnostic,microsoft_vscode,finetune_fixed,,0.5403,0.5867,0.6418,0.7379,0.2414,0.5119,0.86,0.717,0.76,0.875,0.14,0.0333,derived_from_predictions
Qwen-3B,ft,agnostic,opencv_opencv,finetune_fixed,,0.6481,0.6633,0.679,0.7826,0.4828,0.538,0.92,0.8571,0.72,0.7778,0.35,0.0,derived_from_predictions
Qwen-3B,ft,agnostic,tensorflow_tensorflow,finetune_fixed,,0.6895,0.6967,0.7642,0.671,0.6332,0.6438,0.94,0.9455,0.52,0.6364,0.63,0.0,derived_from_predictions
Qwen-3B,ft,project_specific,ansible_ansible,finetune_fixed,,0.7662,0.7633,0.7725,0.7854,0.7407,0.8202,0.73,0.7227,0.86,0.7865,0.7,0.01,eval_csv
Qwen-3B,ft,project_specific,bitcoin_bitcoin,finetune_fixed,,0.5418,0.5533,0.6452,0.6507,0.3294,0.5983,0.7,0.6239,0.68,0.4,0.28,0.0133,eval_csv
Qwen-3B,ft,project_specific,dart-lang_sdk,finetune_fixed,,0.6168,0.63,0.7236,0.6403,0.4865,0.7273,0.72,0.5294,0.81,0.75,0.36,0.0,eval_csv
Qwen-3B,ft,project_specific,dotnet_roslyn,finetune_fixed,,0.5071,0.5067,0.5616,0.5657,0.3939,0.5534,0.57,0.5714,0.56,0.398,0.39,0.0033,eval_csv
Qwen-3B,ft,project_specific,facebook_react,finetune_fixed,,0.77,0.7767,0.8201,0.7958,0.6941,0.705,0.98,0.8352,0.76,0.8429,0.59,0.0,eval_csv
Qwen-3B,ft,project_specific,flutter_flutter,finetune_fixed,,0.59,0.61,0.6726,0.713,0.3846,0.6032,0.76,0.6638,0.77,0.5357,0.3,0.0067,eval_csv
Qwen-3B,ft,project_specific,kubernetes_kubernetes,finetune_fixed,,0.5933,0.5633,0.5462,0.7273,0.5063,0.471,0.65,0.8421,0.64,0.6897,0.4,0.0933,eval_csv
Qwen-3B,ft,project_specific,microsoft_TypeScript,finetune_fixed,,0.4117,0.4433,0.5655,0.3759,0.2938,0.4316,0.82,0.7576,0.25,0.3377,0.26,0.0,eval_csv
Qwen-3B,ft,project_specific,microsoft_vscode,finetune_fixed,,0.4174,0.45,0.5455,0.623,0.0839,0.439,0.72,0.6867,0.57,0.1395,0.06,0.0333,eval_csv
Qwen-3B,ft,project_specific,opencv_opencv,finetune_fixed,,0.5353,0.5367,0.582,0.6703,0.3537,0.4931,0.71,0.7439,0.61,0.4531,0.29,0.0333,eval_csv
Qwen-3B,ft,project_specific,tensorflow_tensorflow,finetune_fixed,,0.5801,0.6033,0.6926,0.6667,0.381,0.5355,0.98,0.8462,0.55,0.5957,0.28,0.0167,eval_csv
Qwen-7B,ft,agnostic,ansible_ansible,finetune_fixed,,0.7337,0.76,0.7837,0.8785,0.539,0.6621,0.96,0.8246,0.94,0.9268,0.38,0.0,derived_from_predictions
Qwen-7B,ft,agnostic,bitcoin_bitcoin,finetune_fixed,,0.7219,0.72,0.7282,0.8168,0.6207,0.7075,0.75,0.8571,0.78,0.6117,0.63,0.0,derived_from_predictions
Qwen-7B,ft,agnostic,dart-lang_sdk,finetune_fixed,,0.8637,0.8633,0.8559,0.8617,0.8737,0.7787,0.95,0.9205,0.81,0.9222,0.83,0.0,derived_from_predictions
Qwen-7B,ft,agnostic,dotnet_roslyn,finetune_fixed,,0.6579,0.6633,0.661,0.7857,0.5269,0.5735,0.78,0.8021,0.77,0.6567,0.44,0.0033,derived_from_predictions
Qwen-7B,ft,agnostic,facebook_react,finetune_fixed,,0.6983,0.6933,0.6022,0.8556,0.6372,0.6512,0.56,0.9195,0.8,0.5714,0.72,0.0033,derived_from_predictions
Qwen-7B,ft,agnostic,flutter_flutter,finetune_fixed,,0.7376,0.74,0.6732,0.8835,0.6561,0.6571,0.69,0.8585,0.91,0.6966,0.62,0.0,derived_from_predictions
Qwen-7B,ft,agnostic,kubernetes_kubernetes,finetune_fixed,,0.8629,0.8633,0.8177,0.936,0.8351,0.8058,0.83,0.9223,0.95,0.8617,0.81,0.0,derived_from_predictions
Qwen-7B,ft,agnostic,microsoft_TypeScript,finetune_fixed,,0.628,0.6433,0.6824,0.732,0.4698,0.5613,0.87,0.7553,0.71,0.7143,0.35,0.0067,derived_from_predictions
Qwen-7B,ft,agnostic,microsoft_vscode,finetune_fixed,,0.7067,0.7133,0.7193,0.7788,0.622,0.6406,0.82,0.75,0.81,0.7969,0.51,0.0,derived_from_predictions
Qwen-7B,ft,agnostic,opencv_opencv,finetune_fixed,,0.7372,0.7367,0.7143,0.8205,0.6769,0.6818,0.75,0.8421,0.8,0.6947,0.66,0.0,derived_from_predictions
Qwen-7B,ft,agnostic,tensorflow_tensorflow,finetune_fixed,,0.757,0.7567,0.8254,0.7125,0.7331,0.8764,0.78,0.95,0.57,0.6093,0.92,0.0,derived_from_predictions
Qwen-7B,ft,project_specific,ansible_ansible,finetune_fixed,,0.6871,0.6833,0.6981,0.8131,0.55,0.6607,0.74,0.7632,0.87,0.7333,0.44,0.0467,eval_csv
Qwen-7B,ft,project_specific,bitcoin_bitcoin,finetune_fixed,,0.5198,0.53,0.6058,0.6087,0.3448,0.5177,0.73,0.6667,0.56,0.4054,0.3,0.0033,eval_csv
Qwen-7B,ft,project_specific,dart-lang_sdk,finetune_fixed,,0.6944,0.6833,0.7411,0.7525,0.5897,0.6694,0.83,0.7451,0.76,0.8214,0.46,0.06,eval_csv
Qwen-7B,ft,project_specific,dotnet_roslyn,finetune_fixed,,0.5115,0.51,0.5294,0.6243,0.381,0.4565,0.63,0.7397,0.54,0.4045,0.36,0.0,eval_csv
Qwen-7B,ft,project_specific,facebook_react,finetune_fixed,,0.4889,0.5,0.2436,0.7708,0.4524,0.3393,0.19,0.8043,0.74,0.375,0.57,0.0,eval_csv
Qwen-7B,ft,project_specific,flutter_flutter,finetune_fixed,,0.5882,0.61,0.4824,0.757,0.5251,0.5857,0.41,0.6291,0.95,0.5949,0.47,0.0,eval_csv
Qwen-7B,ft,project_specific,kubernetes_kubernetes,finetune_fixed,,0.453,0.4767,0.5115,0.5143,0.3333,0.3805,0.78,0.6,0.45,1.0,0.2,0.0,eval_csv
Qwen-7B,ft,project_specific,microsoft_TypeScript,finetune_fixed,,0.3212,0.35,0.4672,0.319,0.1774,0.3958,0.57,0.2803,0.37,0.4583,0.11,0.0,eval_csv
Qwen-7B,ft,project_specific,microsoft_vscode,finetune_fixed,,0.5127,0.5633,0.609,0.7212,0.208,0.488,0.81,0.6944,0.75,0.52,0.13,0.0033,eval_csv
Qwen-7B,ft,project_specific,opencv_opencv,finetune_fixed,,0.389,0.4133,0.3529,0.5224,0.2917,0.3793,0.33,0.4167,0.7,0.4773,0.21,0.0033,eval_csv
Qwen-7B,ft,project_specific,tensorflow_tensorflow,finetune_fixed,,0.459,0.4733,0.3038,0.5255,0.5476,0.4138,0.24,0.4138,0.72,0.6765,0.46,0.0,eval_csv
,vtag,agnostic,ansible_ansible,k1,1.0,0.6198,0.6333,0.6926,0.6636,0.5032,0.6107,0.8,0.6228,0.71,0.7091,0.39,0.0,derived_from_predictions
,vtag,agnostic,bitcoin_bitcoin,k14,14.0,0.6341,0.6333,0.6266,0.7104,0.5652,0.5489,0.73,0.7831,0.65,0.619,0.52,0.0,derived_from_predictions
,vtag,agnostic,dart-lang_sdk,k14,14.0,0.6326,0.6467,0.7023,0.6559,0.5395,0.5679,0.92,0.7093,0.61,0.7885,0.41,0.0,derived_from_predictions
,vtag,agnostic,dotnet_roslyn,k16,16.0,0.5418,0.5433,0.5751,0.674,0.3763,0.5038,0.67,0.7531,0.61,0.407,0.35,0.0,derived_from_predictions
,vtag,agnostic,facebook_react,k30,30.0,0.635,0.65,0.7833,0.5576,0.5641,0.6714,0.94,0.7077,0.46,0.5789,0.55,0.0,derived_from_predictions
,vtag,agnostic,flutter_flutter,k1,1.0,0.579,0.5833,0.6311,0.5949,0.5111,0.568,0.71,0.6105,0.58,0.575,0.46,0.0,derived_from_predictions
,vtag,agnostic,kubernetes_kubernetes,k14,14.0,0.7352,0.74,0.655,0.7586,0.7919,0.7887,0.56,0.6667,0.88,0.8041,0.78,0.0,derived_from_predictions
,vtag,agnostic,microsoft_TypeScript,k7,7.0,0.5609,0.5633,0.4898,0.6734,0.5197,0.766,0.36,0.6768,0.67,0.4286,0.66,0.0,derived_from_predictions
,vtag,agnostic,microsoft_vscode,k20,20.0,0.6704,0.6733,0.6636,0.6279,0.7196,0.6228,0.71,0.75,0.54,0.6754,0.77,0.0,derived_from_predictions
,vtag,agnostic,opencv_opencv,k13,13.0,0.6429,0.6433,0.6396,0.6257,0.6633,0.582,0.71,0.7089,0.56,0.6667,0.66,0.0,derived_from_predictions
,vtag,agnostic,tensorflow_tensorflow,k4,4.0,0.4989,0.5333,0.6416,0.3944,0.4606,0.487,0.94,0.6667,0.28,0.5846,0.38,0.0,derived_from_predictions
,vtag,project_specific,ansible_ansible,k3,3.0,0.5926,0.6067,0.6468,0.6573,0.4737,0.563,0.76,0.6195,0.7,0.6923,0.36,0.0,eval_csv
,vtag,project_specific,bitcoin_bitcoin,k13,13.0,0.5967,0.5967,0.6109,0.6474,0.5319,0.5252,0.73,0.7671,0.56,0.5682,0.5,0.0,eval_csv
,vtag,project_specific,dart-lang_sdk,k9,9.0,0.6239,0.6367,0.7012,0.6387,0.5316,0.5828,0.88,0.6703,0.61,0.7241,0.42,0.0,eval_csv
,vtag,project_specific,dotnet_roslyn,k15,15.0,0.5362,0.5433,0.5892,0.6557,0.3636,0.5035,0.71,0.7229,0.6,0.4211,0.32,0.0,eval_csv
,vtag,project_specific,facebook_react,k18,18.0,0.6107,0.6267,0.7764,0.5185,0.5373,0.6715,0.92,0.6774,0.42,0.5347,0.54,0.0,eval_csv
,vtag,project_specific,flutter_flutter,k5,5.0,0.58,0.5933,0.6566,0.5604,0.5229,0.5273,0.87,0.622,0.51,0.7547,0.4,0.0,eval_csv
,vtag,project_specific,kubernetes_kubernetes,k14,14.0,0.7319,0.7367,0.6548,0.7489,0.7919,0.8088,0.55,0.6519,0.88,0.8041,0.78,0.0,eval_csv
,vtag,project_specific,microsoft_TypeScript,k30,30.0,0.5592,0.57,0.4265,0.7016,0.5495,0.8056,0.29,0.7363,0.67,0.4335,0.75,0.0,eval_csv
,vtag,project_specific,microsoft_vscode,k14,14.0,0.6485,0.6533,0.6184,0.6071,0.72,0.5981,0.64,0.75,0.51,0.648,0.81,0.0,eval_csv
,vtag,project_specific,opencv_opencv,k30,30.0,0.6354,0.64,0.5385,0.6473,0.7204,0.5976,0.49,0.6262,0.67,0.6847,0.76,0.0,eval_csv
,vtag,project_specific,tensorflow_tensorflow,k4,4.0,0.5072,0.54,0.646,0.4056,0.4699,0.4921,0.94,0.6744,0.29,0.5909,0.39,0.0,eval_csv
,vtag_debias,agnostic,ansible_ansible,k1,1.0,0.6198,0.6333,0.6926,0.6636,0.5032,0.6107,0.8,0.6228,0.71,0.7091,0.39,0.0,derived_from_predictions
,vtag_debias,agnostic,bitcoin_bitcoin,k9,9.0,0.6224,0.63,0.5031,0.75,0.6141,0.678,0.4,0.75,0.75,0.5248,0.74,0.0,derived_from_predictions
,vtag_debias,agnostic,dart-lang_sdk,k9,9.0,0.6369,0.6367,0.6735,0.6373,0.6,0.6875,0.66,0.625,0.65,0.6,0.6,0.0,derived_from_predictions
,vtag_debias,agnostic,dotnet_roslyn,k1,1.0,0.4952,0.4967,0.4977,0.56,0.4278,0.469,0.53,0.56,0.56,0.4598,0.4,0.0,derived_from_predictions
,vtag_debias,agnostic,facebook_react,k3,3.0,0.6466,0.6533,0.8365,0.5176,0.5856,0.8056,0.87,0.6286,0.44,0.5328,0.65,0.0,derived_from_predictions
,vtag_debias,agnostic,flutter_flutter,k9,9.0,0.6223,0.6233,0.6796,0.6131,0.5744,0.6604,0.7,0.6162,0.61,0.5895,0.56,0.0,derived_from_predictions
,vtag_debias,agnostic,kubernetes_kubernetes,k9,9.0,0.7188,0.7267,0.6211,0.7373,0.798,0.8197,0.5,0.6397,0.87,0.7864,0.81,0.0,derived_from_predictions
,vtag_debias,agnostic,microsoft_TypeScript,k1,1.0,0.5113,0.5167,0.4444,0.5854,0.5041,0.6415,0.34,0.5714,0.6,0.4296,0.61,0.0,derived_from_predictions
,vtag_debias,agnostic,microsoft_vscode,k1,1.0,0.5725,0.58,0.5274,0.5116,0.6784,0.5248,0.53,0.6111,0.44,0.6063,0.77,0.0,derived_from_predictions
,vtag_debias,agnostic,opencv_opencv,k9,9.0,0.6028,0.6133,0.5,0.6054,0.7029,0.5789,0.44,0.6588,0.56,0.6043,0.84,0.0,derived_from_predictions
,vtag_debias,agnostic,tensorflow_tensorflow,k9,9.0,0.573,0.59,0.692,0.4595,0.5674,0.5985,0.82,0.7083,0.34,0.5304,0.61,0.0,derived_from_predictions
,vtag_debias,project_specific,ansible_ansible,k1,1.0,0.591,0.6067,0.658,0.6514,0.4636,0.5802,0.76,0.6017,0.71,0.6863,0.35,0.0,eval_csv
,vtag_debias,project_specific,bitcoin_bitcoin,k9,9.0,0.5782,0.5867,0.4472,0.7005,0.5868,0.5902,0.36,0.7113,0.69,0.5,0.71,0.0,eval_csv
,vtag_debias,project_specific,dart-lang_sdk,k9,9.0,0.6337,0.6333,0.6845,0.6422,0.5744,0.7356,0.64,0.5932,0.7,0.5895,0.56,0.0,eval_csv
,vtag_debias,project_specific,dotnet_roslyn,k9,9.0,0.526,0.5267,0.4634,0.64,0.4746,0.5938,0.38,0.64,0.64,0.4118,0.56,0.0,eval_csv
,vtag_debias,project_specific,facebook_react,k3,3.0,0.6333,0.64,0.8365,0.4971,0.5662,0.8056,0.87,0.589,0.43,0.521,0.62,0.0,eval_csv
,vtag_debias,project_specific,flutter_flutter,k9,9.0,0.614,0.6167,0.6758,0.5729,0.5934,0.6218,0.74,0.5758,0.57,0.6585,0.54,0.0,eval_csv
,vtag_debias,project_specific,kubernetes_kubernetes,k9,9.0,0.7149,0.7233,0.6125,0.7342,0.798,0.8167,0.49,0.635,0.87,0.7864,0.81,0.0,eval_csv
,vtag_debias,project_specific,microsoft_TypeScript,k1,1.0,0.5143,0.52,0.4474,0.5854,0.5103,0.6538,0.34,0.5714,0.6,0.4336,0.62,0.0,eval_csv
,vtag_debias,project_specific,microsoft_vscode,k1,1.0,0.5774,0.5867,0.5279,0.5146,0.6897,0.5361,0.52,0.6197,0.44,0.6061,0.8,0.0,eval_csv
,vtag_debias,project_specific,opencv_opencv,k9,9.0,0.6031,0.6133,0.5114,0.5978,0.7,0.5921,0.45,0.6548,0.55,0.6,0.84,0.0,eval_csv
,vtag_debias,project_specific,tensorflow_tensorflow,k9,9.0,0.5794,0.5967,0.6949,0.4626,0.5806,0.6029,0.82,0.7234,0.34,0.5385,0.63,0.0,eval_csv
Qwen-32B,ragtag,project_specific,ansible_ansible,zero_shot,0.0,0.5907,0.6567,0.8,0.7266,0.2456,0.7478,0.86,0.5808,0.97,1.0,0.14,0.0133,eval_csv
Qwen-32B,ragtag,project_specific,bitcoin_bitcoin,zero_shot,0.0,0.6614,0.69,0.6939,0.8505,0.4397,0.5862,0.85,0.7982,0.91,0.7561,0.31,0.0,eval_csv
Qwen-32B,ragtag,project_specific,dart-lang_sdk,zero_shot,0.0,0.8336,0.8333,0.8142,0.8821,0.8045,0.7302,0.92,0.9053,0.86,0.9114,0.72,0.0,eval_csv
Qwen-32B,ragtag,project_specific,dotnet_roslyn,zero_shot,0.0,0.6101,0.64,0.6426,0.7907,0.3971,0.5369,0.8,0.7391,0.85,0.75,0.27,0.0,eval_csv
Qwen-32B,ragtag,project_specific,facebook_react,zero_shot,0.0,0.7945,0.8,0.8099,0.8705,0.703,0.6901,0.98,0.9032,0.84,0.8923,0.58,0.0,eval_csv
Qwen-32B,ragtag,project_specific,flutter_flutter,zero_shot,0.0,0.7409,0.75,0.7193,0.8455,0.6579,0.6406,0.82,0.775,0.93,0.9615,0.5,0.0,eval_csv
Qwen-32B,ragtag,project_specific,kubernetes_kubernetes,zero_shot,0.0,0.7097,0.72,0.6516,0.8509,0.6267,0.595,0.72,0.7578,0.97,0.94,0.47,0.0033,eval_csv
Qwen-32B,ragtag,project_specific,microsoft_TypeScript,zero_shot,0.0,0.5962,0.64,0.6835,0.7638,0.3415,0.5337,0.95,0.7677,0.76,0.913,0.21,0.0,eval_csv
Qwen-32B,ragtag,project_specific,microsoft_vscode,zero_shot,0.0,0.5149,0.5833,0.6165,0.7511,0.177,0.494,0.82,0.686,0.83,0.7692,0.1,0.0,eval_csv
Qwen-32B,ragtag,project_specific,opencv_opencv,zero_shot,0.0,0.6719,0.6867,0.6638,0.8186,0.5333,0.5778,0.78,0.7652,0.88,0.8,0.4,0.0,eval_csv
Qwen-32B,ragtag,project_specific,tensorflow_tensorflow,zero_shot,0.0,0.7568,0.76,0.7886,0.838,0.6437,0.6644,0.97,0.9494,0.75,0.7568,0.56,0.0033,eval_csv
Qwen-14B,ragtag,agnostic,ansible_ansible,zero_shot,0.0,0.5674,0.6467,0.7598,0.7442,0.1982,0.6744,0.87,0.6076,0.96,1.0,0.11,0.0067,derived_from_predictions
Qwen-14B,ragtag,agnostic,bitcoin_bitcoin,zero_shot,0.0,0.6324,0.68,0.6917,0.8667,0.3387,0.5542,0.92,0.8273,0.91,0.875,0.21,0.0,derived_from_predictions
Qwen-14B,ragtag,agnostic,dart-lang_sdk,zero_shot,0.0,0.7707,0.7733,0.7654,0.8351,0.7117,0.6503,0.93,0.8617,0.81,0.9206,0.58,0.0,derived_from_predictions
Qwen-14B,ragtag,agnostic,dotnet_roslyn,zero_shot,0.0,0.5839,0.6333,0.654,0.8075,0.2903,0.5276,0.86,0.7611,0.86,0.75,0.18,0.0,derived_from_predictions
Qwen-14B,ragtag,agnostic,facebook_react,zero_shot,0.0,0.7594,0.77,0.7747,0.8718,0.6316,0.6405,0.98,0.8947,0.85,0.9231,0.48,0.0,derived_from_predictions
Qwen-14B,ragtag,agnostic,flutter_flutter,zero_shot,0.0,0.7165,0.73,0.7009,0.8416,0.6069,0.6119,0.82,0.7686,0.93,0.9778,0.44,0.0,derived_from_predictions
Qwen-14B,ragtag,agnostic,kubernetes_kubernetes,zero_shot,0.0,0.6331,0.6567,0.5862,0.8205,0.4925,0.5152,0.68,0.7164,0.96,0.9706,0.33,0.0,derived_from_predictions
Qwen-14B,ragtag,agnostic,microsoft_TypeScript,zero_shot,0.0,0.5431,0.61,0.6713,0.7437,0.2143,0.5132,0.97,0.7475,0.74,1.0,0.12,0.0,derived_from_predictions
Qwen-14B,ragtag,agnostic,microsoft_vscode,zero_shot,0.0,0.4997,0.5733,0.6176,0.7373,0.1441,0.4884,0.84,0.6838,0.8,0.7273,0.08,0.0,derived_from_predictions
Qwen-14B,ragtag,agnostic,opencv_opencv,zero_shot,0.0,0.6082,0.6333,0.6245,0.7943,0.4058,0.5163,0.79,0.7615,0.83,0.7368,0.28,0.0,derived_from_predictions
Qwen-14B,ragtag,agnostic,tensorflow_tensorflow,zero_shot,0.0,0.7051,0.72,0.7597,0.8172,0.5385,0.6203,0.98,0.8837,0.76,0.75,0.42,0.0,derived_from_predictions
Qwen-32B,ragtag,agnostic,ansible_ansible,zero_shot,0.0,0.5907,0.6567,0.8,0.7266,0.2456,0.7478,0.86,0.5808,0.97,1.0,0.14,0.0133,derived_from_predictions
Qwen-32B,ragtag,agnostic,bitcoin_bitcoin,zero_shot,0.0,0.6672,0.6967,0.702,0.8598,0.4397,0.5931,0.86,0.807,0.92,0.7561,0.31,0.0,derived_from_predictions
Qwen-32B,ragtag,agnostic,dart-lang_sdk,zero_shot,0.0,0.8298,0.83,0.8142,0.8776,0.7978,0.7302,0.92,0.8958,0.86,0.9103,0.71,0.0,derived_from_predictions
Qwen-32B,ragtag,agnostic,dotnet_roslyn,zero_shot,0.0,0.6101,0.64,0.6426,0.7907,0.3971,0.5369,0.8,0.7391,0.85,0.75,0.27,0.0,derived_from_predictions
Qwen-32B,ragtag,agnostic,facebook_react,zero_shot,0.0,0.7945,0.8,0.8099,0.8705,0.703,0.6901,0.98,0.9032,0.84,0.8923,0.58,0.0,derived_from_predictions
Qwen-32B,ragtag,agnostic,flutter_flutter,zero_shot,0.0,0.7377,0.7467,0.7137,0.8416,0.6579,0.6378,0.81,0.7686,0.93,0.9615,0.5,0.0,derived_from_predictions
Qwen-32B,ragtag,agnostic,kubernetes_kubernetes,zero_shot,0.0,0.7097,0.72,0.6516,0.8509,0.6267,0.595,0.72,0.7578,0.97,0.94,0.47,0.0033,derived_from_predictions
Qwen-32B,ragtag,agnostic,microsoft_TypeScript,zero_shot,0.0,0.5962,0.64,0.6835,0.7638,0.3415,0.5337,0.95,0.7677,0.76,0.913,0.21,0.0,derived_from_predictions
Qwen-32B,ragtag,agnostic,microsoft_vscode,zero_shot,0.0,0.5149,0.5833,0.6165,0.7511,0.177,0.494,0.82,0.686,0.83,0.7692,0.1,0.0,derived_from_predictions
Qwen-32B,ragtag,agnostic,opencv_opencv,zero_shot,0.0,0.6764,0.69,0.6638,0.8224,0.543,0.5778,0.78,0.7719,0.88,0.8039,0.41,0.0,derived_from_predictions
Qwen-32B,ragtag,agnostic,tensorflow_tensorflow,zero_shot,0.0,0.7563,0.76,0.7918,0.8333,0.6437,0.669,0.97,0.9375,0.75,0.7568,0.56,0.0033,derived_from_predictions
Qwen-3B,ragtag,agnostic,ansible_ansible,zero_shot,0.0,0.7134,0.73,0.751,0.875,0.5143,0.6345,0.92,0.8426,0.91,0.9,0.36,0.0233,derived_from_predictions
Qwen-3B,ragtag,agnostic,bitcoin_bitcoin,zero_shot,0.0,0.5682,0.59,0.6963,0.6951,0.3133,0.5529,0.94,0.8906,0.57,0.3939,0.26,0.0,derived_from_predictions
Qwen-3B,ragtag,agnostic,dart-lang_sdk,zero_shot,0.0,0.6994,0.7067,0.749,0.6623,0.6869,0.6225,0.94,0.9804,0.5,0.6939,0.68,0.0,derived_from_predictions
Qwen-3B,ragtag,agnostic,dotnet_roslyn,zero_shot,0.0,0.5273,0.5467,0.6523,0.604,0.3256,0.5084,0.91,0.9184,0.45,0.3889,0.28,0.0,derived_from_predictions
Qwen-3B,ragtag,agnostic,facebook_react,zero_shot,0.0,0.7207,0.7267,0.7634,0.7284,0.6705,0.6173,1.0,0.9516,0.59,0.7763,0.59,0.0,derived_from_predictions
Qwen-3B,ragtag,agnostic,flutter_flutter,zero_shot,0.0,0.6807,0.69,0.6923,0.8172,0.5325,0.5625,0.9,0.8837,0.76,0.7593,0.41,0.0,derived_from_predictions
Qwen-3B,ragtag,agnostic,kubernetes_kubernetes,zero_shot,0.0,0.6902,0.7,0.6586,0.9534,0.4586,0.5503,0.82,0.9892,0.92,0.6316,0.36,0.0033,derived_from_predictions
Qwen-3B,ragtag,agnostic,microsoft_TypeScript,zero_shot,0.0,0.5423,0.58,0.66,0.6748,0.292,0.495,0.99,0.873,0.55,0.5405,0.2,0.0,derived_from_predictions
Qwen-3B,ragtag,agnostic,microsoft_vscode,zero_shot,0.0,0.4249,0.4567,0.5904,0.5476,0.1366,0.4678,0.8,0.6765,0.46,0.1803,0.11,0.0,derived_from_predictions
Qwen-3B,ragtag,agnostic,opencv_opencv,zero_shot,0.0,0.5129,0.53,0.6204,0.5987,0.3195,0.4885,0.85,0.8246,0.47,0.3913,0.27,0.0,derived_from_predictions
Qwen-3B,ragtag,agnostic,tensorflow_tensorflow,zero_shot,0.0,0.6102,0.6267,0.6804,0.6795,0.4706,0.5183,0.99,0.9464,0.53,0.6792,0.36,0.0,derived_from_predictions
Qwen-7B,ragtag,agnostic,ansible_ansible,zero_shot,0.0,0.5897,0.6333,0.7222,0.7082,0.3387,0.6724,0.78,0.5796,0.91,0.875,0.21,0.01,derived_from_predictions
Qwen-7B,ragtag,agnostic,bitcoin_bitcoin,zero_shot,0.0,0.656,0.6767,0.7004,0.8438,0.4238,0.5732,0.9,0.8804,0.81,0.6275,0.32,0.0,derived_from_predictions
Qwen-7B,ragtag,agnostic,dart-lang_sdk,zero_shot,0.0,0.7811,0.78,0.7661,0.8152,0.7619,0.6419,0.95,0.8929,0.75,0.9412,0.64,0.0,derived_from_predictions
Qwen-7B,ragtag,agnostic,dotnet_roslyn,zero_shot,0.0,0.5812,0.62,0.6594,0.7812,0.303,0.517,0.91,0.8152,0.75,0.625,0.2,0.0,derived_from_predictions
Qwen-7B,ragtag,agnostic,facebook_react,zero_shot,0.0,0.7611,0.7633,0.7656,0.8268,0.6909,0.6282,0.98,0.9367,0.74,0.8769,0.57,0.0,derived_from_predictions
Qwen-7B,ragtag,agnostic,flutter_flutter,zero_shot,0.0,0.7281,0.74,0.719,0.8612,0.604,0.6127,0.87,0.8257,0.9,0.9184,0.45,0.0,derived_from_predictions
Qwen-7B,ragtag,agnostic,kubernetes_kubernetes,zero_shot,0.0,0.6871,0.7,0.625,0.8496,0.5867,0.5645,0.7,0.7619,0.96,0.88,0.44,0.0,derived_from_predictions
Qwen-7B,ragtag,agnostic,microsoft_TypeScript,zero_shot,0.0,0.5702,0.6167,0.6644,0.7487,0.2975,0.5052,0.97,0.8046,0.7,0.8571,0.18,0.0,derived_from_predictions
Qwen-7B,ragtag,agnostic,microsoft_vscode,zero_shot,0.0,0.5717,0.6267,0.6593,0.7847,0.2712,0.5202,0.9,0.7523,0.82,0.8889,0.16,0.0,derived_from_predictions
Qwen-7B,ragtag,agnostic,opencv_opencv,zero_shot,0.0,0.6202,0.64,0.627,0.8,0.4336,0.5197,0.79,0.781,0.82,0.7209,0.31,0.0,derived_from_predictions
Qwen-7B,ragtag,agnostic,tensorflow_tensorflow,zero_shot,0.0,0.6653,0.6733,0.755,0.6667,0.5744,0.6309,0.94,0.9286,0.52,0.5895,0.56,0.0,derived_from_predictions
